<?xml version="1.0" encoding="UTF-8"?>
<project-private xmlns="http://www.netbeans.org/ns/project-private/1">
    <editor-bookmarks xmlns="http://www.netbeans.org/ns/editor-bookmarks/2" lastBookmarkId="0"/>
    <open-files xmlns="http://www.netbeans.org/ns/projectui-open-files/2">
        <group>
            <file>file:/F:/github/CSE215-Java/ZooManagementSystem/src/zoomanagementsystem/ZooManagementSystem.java</file>
            <file>file:/F:/github/CSE215-Java/ZooManagementSystem/src/zoomanagementsystem/Feedable.java</file>
            <file>file:/F:/github/CSE215-Java/ZooManagementSystem/src/zoomanagementsystem/Animal.java</file>
            <file>file:/F:/github/CSE215-Java/ZooManagementSystem/src/zoomanagementsystem/Lion.java</file>
            <file>file:/F:/github/CSE215-Java/ZooManagementSystem/src/zoomanagementsystem/Elephant.java</file>
            <file>file:/F:/github/CSE215-Java/ZooManagementSystem/src/zoomanagementsystem/Parrot.java</file>
            <file>file:/F:/github/CSE215-Java/ZooManagementSystem/src/zoomanagementsystem/ZooManagement.java</file>
            <file>file:/F:/github/CSE215-Java/ZooManagementSystem/src/zoomanagementsystem/DataNotFoundException.java</file>
        </group>
    </open-files>
</project-private>
